Machine ID,Timestamp,Date,Previous Failure,Gap Hours
1,2015-03-06 06:00:00,2015-03-06 00:00:00,2015-01-05 06:00:00,1440.000000
1,2015-04-20 06:00:00,2015-04-20 00:00:00,2015-03-06 06:00:00,1080.000000
1,2015-06-19 06:00:00,2015-06-19 00:00:00,2015-04-20 06:00:00,1440.000000
1,2015-09-02 06:00:00,2015-09-02 00:00:00,2015-06-19 06:00:00,1800.000000
1,2015-10-17 06:00:00,2015-10-17 00:00:00,2015-09-02 06:00:00,1080.000000
1,2015-12-16 06:00:00,2015-12-16 00:00:00,2015-10-17 06:00:00,1440.000000
2,2015-04-18 06:00:00,2015-04-18 00:00:00,2015-03-19 06:00:00,720.000000
2,2015-12-29 06:00:00,2015-12-29 00:00:00,2015-04-18 06:00:00,6120.000000
3,2015-02-06 06:00:00,2015-02-06 00:00:00,2015-01-07 06:00:00,720.000000
3,2015-07-21 06:00:00,2015-07-21 00:00:00,2015-02-06 06:00:00,3960.000000
3,2015-10-04 06:00:00,2015-10-04 00:00:00,2015-07-21 06:00:00,1800.000000
3,2015-12-03 06:00:00,2015-12-03 00:00:00,2015-10-04 06:00:00,1440.000000
4,2015-02-16 06:00:00,2015-02-16 00:00:00,2015-01-17 06:00:00,720.000000
4,2015-04-02 06:00:00,2015-04-02 00:00:00,2015-02-16 06:00:00,1080.000000
4,2015-07-16 06:00:00,2015-07-16 00:00:00,2015-04-02 06:00:00,2520.000000
4,2015-08-30 06:00:00,2015-08-30 00:00:00,2015-07-16 06:00:00,1080.000000
4,2015-10-14 06:00:00,2015-10-14 00:00:00,2015-08-30 06:00:00,1080.000000
5,2015-02-23 06:00:00,2015-02-23 00:00:00,2015-01-09 06:00:00,1080.000000
5,2015-04-09 06:00:00,2015-04-09 00:00:00,2015-02-23 06:00:00,1080.000000
5,2015-06-23 06:00:00,2015-06-23 00:00:00,2015-04-09 06:00:00,1800.000000
5,2015-09-06 06:00:00,2015-09-06 00:00:00,2015-06-23 06:00:00,1800.000000
5,2015-10-06 06:00:00,2015-10-06 00:00:00,2015-09-06 06:00:00,720.000000
5,2015-11-20 06:00:00,2015-11-20 00:00:00,2015-10-06 06:00:00,1080.000000
7,2015-02-08 06:00:00,2015-02-08 00:00:00,2015-01-24 06:00:00,360.000000
7,2015-04-24 06:00:00,2015-04-24 00:00:00,2015-02-08 06:00:00,1800.000000
7,2015-05-09 06:00:00,2015-05-09 00:00:00,2015-04-24 06:00:00,360.000000
7,2015-05-24 06:00:00,2015-05-24 00:00:00,2015-05-09 06:00:00,360.000000
7,2015-07-08 06:00:00,2015-07-08 00:00:00,2015-05-24 06:00:00,1080.000000
7,2015-09-21 06:00:00,2015-09-21 00:00:00,2015-07-08 06:00:00,1800.000000
7,2015-10-21 06:00:00,2015-10-21 00:00:00,2015-09-21 06:00:00,720.000000
7,2015-12-20 06:00:00,2015-12-20 00:00:00,2015-10-21 06:00:00,1440.000000
8,2015-03-22 06:00:00,2015-03-22 00:00:00,2015-03-07 06:00:00,360.000000
8,2015-04-21 06:00:00,2015-04-21 00:00:00,2015-03-22 06:00:00,720.000000
8,2015-08-04 06:00:00,2015-08-04 00:00:00,2015-04-21 06:00:00,2520.000000
8,2015-10-18 06:00:00,2015-10-18 00:00:00,2015-08-04 06:00:00,1800.000000
9,2015-06-17 06:00:00,2015-06-17 00:00:00,2015-03-04 06:00:00,2520.000000
9,2015-07-02 06:00:00,2015-07-02 00:00:00,2015-06-17 06:00:00,360.000000
9,2015-07-17 06:00:00,2015-07-17 00:00:00,2015-07-02 06:00:00,360.000000
9,2015-08-31 06:00:00,2015-08-31 00:00:00,2015-07-17 06:00:00,1080.000000
9,2015-09-15 06:00:00,2015-09-15 00:00:00,2015-08-31 06:00:00,360.000000
9,2015-10-15 06:00:00,2015-10-15 00:00:00,2015-09-15 06:00:00,720.000000
9,2015-11-14 06:00:00,2015-11-14 00:00:00,2015-10-15 06:00:00,720.000000
9,2015-12-14 06:00:00,2015-12-14 00:00:00,2015-11-14 06:00:00,720.000000
10,2015-04-04 06:00:00,2015-04-04 00:00:00,2015-01-19 06:00:00,1800.000000
10,2015-05-19 06:00:00,2015-05-19 00:00:00,2015-04-04 06:00:00,1080.000000
10,2015-06-03 06:00:00,2015-06-03 00:00:00,2015-05-19 06:00:00,360.000000
10,2015-06-18 06:00:00,2015-06-18 00:00:00,2015-06-03 06:00:00,360.000000
11,2015-02-19 06:00:00,2015-02-19 00:00:00,2015-01-20 06:00:00,720.000000
11,2015-04-20 06:00:00,2015-04-20 00:00:00,2015-02-19 06:00:00,1440.000000
11,2015-10-02 06:00:00,2015-10-02 00:00:00,2015-04-20 06:00:00,3960.000000
11,2015-12-16 06:00:00,2015-12-16 00:00:00,2015-10-02 06:00:00,1800.000000
12,2015-03-23 06:00:00,2015-03-23 00:00:00,2015-01-07 06:00:00,1800.000000
12,2015-07-06 06:00:00,2015-07-06 00:00:00,2015-03-23 06:00:00,2520.000000
12,2015-09-04 06:00:00,2015-09-04 00:00:00,2015-07-06 06:00:00,1440.000000
12,2015-10-04 06:00:00,2015-10-04 00:00:00,2015-09-04 06:00:00,720.000000
13,2015-06-10 06:00:00,2015-06-10 00:00:00,2015-04-11 06:00:00,1440.000000
13,2015-06-25 06:00:00,2015-06-25 00:00:00,2015-06-10 06:00:00,360.000000
13,2015-07-10 06:00:00,2015-07-10 00:00:00,2015-06-25 06:00:00,360.000000
13,2015-08-09 06:00:00,2015-08-09 00:00:00,2015-07-10 06:00:00,720.000000
13,2015-08-24 06:00:00,2015-08-24 00:00:00,2015-08-09 06:00:00,360.000000
13,2015-09-23 06:00:00,2015-09-23 00:00:00,2015-08-24 06:00:00,720.000000
13,2015-10-23 06:00:00,2015-10-23 00:00:00,2015-09-23 06:00:00,720.000000
13,2015-12-07 06:00:00,2015-12-07 00:00:00,2015-10-23 06:00:00,1080.000000
13,2015-12-22 06:00:00,2015-12-22 00:00:00,2015-12-07 06:00:00,360.000000
14,2015-03-02 06:00:00,2015-03-02 00:00:00,2015-01-31 06:00:00,720.000000
14,2015-07-15 06:00:00,2015-07-15 00:00:00,2015-03-02 06:00:00,3240.000000
14,2015-07-30 06:00:00,2015-07-30 00:00:00,2015-07-15 06:00:00,360.000000
15,2015-06-04 06:00:00,2015-06-04 00:00:00,2015-01-20 06:00:00,3240.000000
15,2015-08-03 06:00:00,2015-08-03 00:00:00,2015-06-04 06:00:00,1440.000000
15,2015-11-01 06:00:00,2015-11-01 00:00:00,2015-08-03 06:00:00,2160.000000
15,2015-12-31 06:00:00,2015-12-31 00:00:00,2015-11-01 06:00:00,1440.000000
16,2015-01-17 06:00:00,2015-01-17 00:00:00,2015-01-02 03:00:00,363.000000
16,2015-03-03 06:00:00,2015-03-03 00:00:00,2015-01-17 06:00:00,1080.000000
16,2015-04-02 06:00:00,2015-04-02 00:00:00,2015-03-03 06:00:00,720.000000
16,2015-05-17 06:00:00,2015-05-17 00:00:00,2015-04-02 06:00:00,1080.000000
16,2015-06-01 06:00:00,2015-06-01 00:00:00,2015-05-17 06:00:00,360.000000
16,2015-06-16 06:00:00,2015-06-16 00:00:00,2015-06-01 06:00:00,360.000000
16,2015-07-01 06:00:00,2015-07-01 00:00:00,2015-06-16 06:00:00,360.000000
16,2015-08-15 06:00:00,2015-08-15 00:00:00,2015-07-01 06:00:00,1080.000000
16,2015-10-14 06:00:00,2015-10-14 00:00:00,2015-08-15 06:00:00,1440.000000
16,2015-11-28 06:00:00,2015-11-28 00:00:00,2015-10-14 06:00:00,1080.000000
17,2015-01-16 06:00:00,2015-01-16 00:00:00,2015-01-02 03:00:00,339.000000
17,2015-02-15 06:00:00,2015-02-15 00:00:00,2015-01-16 06:00:00,720.000000
17,2015-03-17 06:00:00,2015-03-17 00:00:00,2015-02-15 06:00:00,720.000000
17,2015-04-01 06:00:00,2015-04-01 00:00:00,2015-03-17 06:00:00,360.000000
17,2015-05-16 06:00:00,2015-05-16 00:00:00,2015-04-01 06:00:00,1080.000000
17,2015-06-15 06:00:00,2015-06-15 00:00:00,2015-05-16 06:00:00,720.000000
17,2015-07-15 06:00:00,2015-07-15 00:00:00,2015-06-15 06:00:00,720.000000
17,2015-07-30 06:00:00,2015-07-30 00:00:00,2015-07-15 06:00:00,360.000000
17,2015-08-29 06:00:00,2015-08-29 00:00:00,2015-07-30 06:00:00,720.000000
17,2015-10-28 06:00:00,2015-10-28 00:00:00,2015-08-29 06:00:00,1440.000000
17,2015-11-27 06:00:00,2015-11-27 00:00:00,2015-10-28 06:00:00,720.000000
17,2015-12-27 06:00:00,2015-12-27 00:00:00,2015-11-27 06:00:00,720.000000
18,2015-03-31 06:00:00,2015-03-31 00:00:00,2015-01-30 06:00:00,1440.000000
18,2015-05-15 06:00:00,2015-05-15 00:00:00,2015-03-31 06:00:00,1080.000000
18,2015-06-29 06:00:00,2015-06-29 00:00:00,2015-05-15 06:00:00,1080.000000
18,2015-07-29 06:00:00,2015-07-29 00:00:00,2015-06-29 06:00:00,720.000000
18,2015-08-28 06:00:00,2015-08-28 00:00:00,2015-07-29 06:00:00,720.000000
18,2015-09-12 06:00:00,2015-09-12 00:00:00,2015-08-28 06:00:00,360.000000
18,2015-10-27 06:00:00,2015-10-27 00:00:00,2015-09-12 06:00:00,1080.000000
19,2015-02-27 06:00:00,2015-02-27 00:00:00,2015-01-13 06:00:00,1080.000000
19,2015-04-13 06:00:00,2015-04-13 00:00:00,2015-02-27 06:00:00,1080.000000
19,2015-06-27 06:00:00,2015-06-27 00:00:00,2015-04-13 06:00:00,1800.000000
19,2015-09-10 06:00:00,2015-09-10 00:00:00,2015-06-27 06:00:00,1800.000000
19,2015-11-24 06:00:00,2015-11-24 00:00:00,2015-09-10 06:00:00,1800.000000
19,2015-12-09 06:00:00,2015-12-09 00:00:00,2015-11-24 06:00:00,360.000000
20,2015-01-19 06:00:00,2015-01-19 00:00:00,2015-01-04 06:00:00,360.000000
20,2015-02-03 06:00:00,2015-02-03 00:00:00,2015-01-19 06:00:00,360.000000
20,2015-03-20 06:00:00,2015-03-20 00:00:00,2015-02-03 06:00:00,1080.000000
20,2015-04-04 06:00:00,2015-04-04 00:00:00,2015-03-20 06:00:00,360.000000
20,2015-04-19 06:00:00,2015-04-19 00:00:00,2015-04-04 06:00:00,360.000000
20,2015-07-18 06:00:00,2015-07-18 00:00:00,2015-04-19 06:00:00,2160.000000
20,2015-08-17 06:00:00,2015-08-17 00:00:00,2015-07-18 06:00:00,720.000000
20,2015-10-01 06:00:00,2015-10-01 00:00:00,2015-08-17 06:00:00,1080.000000
20,2015-10-31 06:00:00,2015-10-31 00:00:00,2015-10-01 06:00:00,720.000000
20,2015-11-15 06:00:00,2015-11-15 00:00:00,2015-10-31 06:00:00,360.000000
20,2015-12-15 06:00:00,2015-12-15 00:00:00,2015-11-15 06:00:00,720.000000
20,2015-12-30 06:00:00,2015-12-30 00:00:00,2015-12-15 06:00:00,360.000000
21,2015-04-08 06:00:00,2015-04-08 00:00:00,2015-01-23 06:00:00,1800.000000
21,2015-05-08 06:00:00,2015-05-08 00:00:00,2015-04-08 06:00:00,720.000000
21,2015-08-06 06:00:00,2015-08-06 00:00:00,2015-05-08 06:00:00,2160.000000
21,2015-09-05 06:00:00,2015-09-05 00:00:00,2015-08-06 06:00:00,720.000000
21,2015-09-20 06:00:00,2015-09-20 00:00:00,2015-09-05 06:00:00,360.000000
21,2015-10-05 06:00:00,2015-10-05 00:00:00,2015-09-20 06:00:00,360.000000
21,2015-11-04 06:00:00,2015-11-04 00:00:00,2015-10-05 06:00:00,720.000000
21,2015-12-04 06:00:00,2015-12-04 00:00:00,2015-11-04 06:00:00,720.000000
21,2015-12-19 06:00:00,2015-12-19 00:00:00,2015-12-04 06:00:00,360.000000
22,2015-02-06 06:00:00,2015-02-06 00:00:00,2015-01-02 03:00:00,843.000000
22,2015-03-23 06:00:00,2015-03-23 00:00:00,2015-02-06 06:00:00,1080.000000
22,2015-04-07 06:00:00,2015-04-07 00:00:00,2015-03-23 06:00:00,360.000000
22,2015-04-22 06:00:00,2015-04-22 00:00:00,2015-04-07 06:00:00,360.000000
22,2015-05-22 06:00:00,2015-05-22 00:00:00,2015-04-22 06:00:00,720.000000
22,2015-06-21 06:00:00,2015-06-21 00:00:00,2015-05-22 06:00:00,720.000000
22,2015-07-06 06:00:00,2015-07-06 00:00:00,2015-06-21 06:00:00,360.000000
22,2015-08-05 06:00:00,2015-08-05 00:00:00,2015-07-06 06:00:00,720.000000
22,2015-08-20 06:00:00,2015-08-20 00:00:00,2015-08-05 06:00:00,360.000000
22,2015-09-19 06:00:00,2015-09-19 00:00:00,2015-08-20 06:00:00,720.000000
22,2015-11-03 06:00:00,2015-11-03 00:00:00,2015-09-19 06:00:00,1080.000000
22,2015-11-18 06:00:00,2015-11-18 00:00:00,2015-11-03 06:00:00,360.000000
23,2015-01-20 06:00:00,2015-01-20 00:00:00,2015-01-05 06:00:00,360.000000
23,2015-03-21 06:00:00,2015-03-21 00:00:00,2015-01-20 06:00:00,1440.000000
23,2015-04-05 06:00:00,2015-04-05 00:00:00,2015-03-21 06:00:00,360.000000
23,2015-06-04 06:00:00,2015-06-04 00:00:00,2015-04-05 06:00:00,1440.000000
23,2015-07-19 06:00:00,2015-07-19 00:00:00,2015-06-04 06:00:00,1080.000000
23,2015-08-03 06:00:00,2015-08-03 00:00:00,2015-07-19 06:00:00,360.000000
23,2015-09-02 06:00:00,2015-09-02 00:00:00,2015-08-03 06:00:00,720.000000
23,2015-10-02 06:00:00,2015-10-02 00:00:00,2015-09-02 06:00:00,720.000000
23,2015-10-17 06:00:00,2015-10-17 00:00:00,2015-10-02 06:00:00,360.000000
23,2015-11-16 06:00:00,2015-11-16 00:00:00,2015-10-17 06:00:00,720.000000
23,2015-12-16 06:00:00,2015-12-16 00:00:00,2015-11-16 06:00:00,720.000000
24,2015-02-16 06:00:00,2015-02-16 00:00:00,2015-01-02 06:00:00,1080.000000
24,2015-04-02 06:00:00,2015-04-02 00:00:00,2015-02-16 06:00:00,1080.000000
24,2015-04-17 06:00:00,2015-04-17 00:00:00,2015-04-02 06:00:00,360.000000
24,2015-07-01 06:00:00,2015-07-01 00:00:00,2015-04-17 06:00:00,1800.000000
24,2015-07-31 06:00:00,2015-07-31 00:00:00,2015-07-01 06:00:00,720.000000
24,2015-09-29 06:00:00,2015-09-29 00:00:00,2015-07-31 06:00:00,1440.000000
24,2015-10-14 06:00:00,2015-10-14 00:00:00,2015-09-29 06:00:00,360.000000
24,2015-11-13 06:00:00,2015-11-13 00:00:00,2015-10-14 06:00:00,720.000000
24,2015-11-28 06:00:00,2015-11-28 00:00:00,2015-11-13 06:00:00,360.000000
25,2015-05-04 06:00:00,2015-05-04 00:00:00,2015-03-05 06:00:00,1440.000000
25,2015-06-03 06:00:00,2015-06-03 00:00:00,2015-05-04 06:00:00,720.000000
25,2015-08-17 06:00:00,2015-08-17 00:00:00,2015-06-03 06:00:00,1800.000000
25,2015-10-31 06:00:00,2015-10-31 00:00:00,2015-08-17 06:00:00,1800.000000
25,2015-11-30 06:00:00,2015-11-30 00:00:00,2015-10-31 06:00:00,720.000000
26,2015-08-19 06:00:00,2015-08-19 00:00:00,2015-04-06 06:00:00,3240.000000
26,2015-09-03 06:00:00,2015-09-03 00:00:00,2015-08-19 06:00:00,360.000000
26,2015-10-18 06:00:00,2015-10-18 00:00:00,2015-09-03 06:00:00,1080.000000
26,2015-11-02 06:00:00,2015-11-02 00:00:00,2015-10-18 06:00:00,360.000000
26,2015-11-17 06:00:00,2015-11-17 00:00:00,2015-11-02 06:00:00,360.000000
27,2015-01-25 06:00:00,2015-01-25 00:00:00,2015-01-10 06:00:00,360.000000
27,2015-02-24 06:00:00,2015-02-24 00:00:00,2015-01-25 06:00:00,720.000000
28,2015-05-01 06:00:00,2015-05-01 00:00:00,2015-03-17 06:00:00,1080.000000
28,2015-06-15 06:00:00,2015-06-15 00:00:00,2015-05-01 06:00:00,1080.000000
28,2015-08-14 06:00:00,2015-08-14 00:00:00,2015-06-15 06:00:00,1440.000000
28,2015-12-27 06:00:00,2015-12-27 00:00:00,2015-08-14 06:00:00,3240.000000
29,2015-11-28 06:00:00,2015-11-28 00:00:00,2015-03-03 06:00:00,6480.000000
30,2015-03-25 06:00:00,2015-03-25 00:00:00,2015-01-09 06:00:00,1800.000000
30,2015-08-07 06:00:00,2015-08-07 00:00:00,2015-03-25 06:00:00,3240.000000
30,2015-12-05 06:00:00,2015-12-05 00:00:00,2015-08-07 06:00:00,2880.000000
31,2015-05-22 06:00:00,2015-05-22 00:00:00,2015-03-23 06:00:00,1440.000000
31,2015-07-06 06:00:00,2015-07-06 00:00:00,2015-05-22 06:00:00,1080.000000
31,2015-09-04 06:00:00,2015-09-04 00:00:00,2015-07-06 06:00:00,1440.000000
31,2015-10-19 06:00:00,2015-10-19 00:00:00,2015-09-04 06:00:00,1080.000000
31,2015-11-18 06:00:00,2015-11-18 00:00:00,2015-10-19 06:00:00,720.000000
32,2015-02-09 06:00:00,2015-02-09 00:00:00,2015-01-10 06:00:00,720.000000
32,2015-03-11 06:00:00,2015-03-11 00:00:00,2015-02-09 06:00:00,720.000000
32,2015-04-10 06:00:00,2015-04-10 00:00:00,2015-03-11 06:00:00,720.000000
32,2015-05-10 06:00:00,2015-05-10 00:00:00,2015-04-10 06:00:00,720.000000
32,2015-06-24 06:00:00,2015-06-24 00:00:00,2015-05-10 06:00:00,1080.000000
32,2015-08-08 06:00:00,2015-08-08 00:00:00,2015-06-24 06:00:00,1080.000000
32,2015-09-22 06:00:00,2015-09-22 00:00:00,2015-08-08 06:00:00,1080.000000
32,2015-11-06 06:00:00,2015-11-06 00:00:00,2015-09-22 06:00:00,1080.000000
33,2015-04-01 06:00:00,2015-04-01 00:00:00,2015-01-31 06:00:00,1440.000000
33,2015-05-01 06:00:00,2015-05-01 00:00:00,2015-04-01 06:00:00,720.000000
33,2015-05-31 06:00:00,2015-05-31 00:00:00,2015-05-01 06:00:00,720.000000
33,2015-06-15 06:00:00,2015-06-15 00:00:00,2015-05-31 06:00:00,360.000000
33,2015-08-29 06:00:00,2015-08-29 00:00:00,2015-06-15 06:00:00,1800.000000
33,2015-09-28 06:00:00,2015-09-28 00:00:00,2015-08-29 06:00:00,720.000000
33,2015-11-27 06:00:00,2015-11-27 00:00:00,2015-09-28 06:00:00,1440.000000
34,2015-10-28 06:00:00,2015-10-28 00:00:00,2015-04-16 06:00:00,4680.000000
34,2015-11-12 06:00:00,2015-11-12 00:00:00,2015-10-28 06:00:00,360.000000
35,2015-01-06 06:00:00,2015-01-06 00:00:00,2015-01-02 03:00:00,99.000000
35,2015-02-05 06:00:00,2015-02-05 00:00:00,2015-01-06 06:00:00,720.000000
35,2015-03-22 06:00:00,2015-03-22 00:00:00,2015-02-05 06:00:00,1080.000000
35,2015-04-06 06:00:00,2015-04-06 00:00:00,2015-03-22 06:00:00,360.000000
35,2015-05-06 06:00:00,2015-05-06 00:00:00,2015-04-06 06:00:00,720.000000
35,2015-05-21 06:00:00,2015-05-21 00:00:00,2015-05-06 06:00:00,360.000000
35,2015-07-20 06:00:00,2015-07-20 00:00:00,2015-05-21 06:00:00,1440.000000
35,2015-08-04 06:00:00,2015-08-04 00:00:00,2015-07-20 06:00:00,360.000000
35,2015-09-18 06:00:00,2015-09-18 00:00:00,2015-08-04 06:00:00,1080.000000
36,2015-06-06 06:00:00,2015-06-06 00:00:00,2015-02-21 06:00:00,2520.000000
36,2015-06-21 06:00:00,2015-06-21 00:00:00,2015-06-06 06:00:00,360.000000
36,2015-09-04 06:00:00,2015-09-04 00:00:00,2015-06-21 06:00:00,1800.000000
37,2015-02-03 06:00:00,2015-02-03 00:00:00,2015-01-04 06:00:00,720.000000
37,2015-04-19 06:00:00,2015-04-19 00:00:00,2015-02-03 06:00:00,1800.000000
37,2015-05-19 06:00:00,2015-05-19 00:00:00,2015-04-19 06:00:00,720.000000
37,2015-06-03 06:00:00,2015-06-03 00:00:00,2015-05-19 06:00:00,360.000000
37,2015-06-18 06:00:00,2015-06-18 00:00:00,2015-06-03 06:00:00,360.000000
37,2015-07-03 06:00:00,2015-07-03 00:00:00,2015-06-18 06:00:00,360.000000
37,2015-07-18 06:00:00,2015-07-18 00:00:00,2015-07-03 06:00:00,360.000000
37,2015-08-17 06:00:00,2015-08-17 00:00:00,2015-07-18 06:00:00,720.000000
37,2015-09-16 06:00:00,2015-09-16 00:00:00,2015-08-17 06:00:00,720.000000
37,2015-10-01 06:00:00,2015-10-01 00:00:00,2015-09-16 06:00:00,360.000000
37,2015-11-15 06:00:00,2015-11-15 00:00:00,2015-10-01 06:00:00,1080.000000
37,2015-11-30 06:00:00,2015-11-30 00:00:00,2015-11-15 06:00:00,360.000000
37,2015-12-15 06:00:00,2015-12-15 00:00:00,2015-11-30 06:00:00,360.000000
38,2015-04-02 06:00:00,2015-04-02 00:00:00,2015-01-17 06:00:00,1800.000000
38,2015-04-17 06:00:00,2015-04-17 00:00:00,2015-04-02 06:00:00,360.000000
38,2015-07-01 06:00:00,2015-07-01 00:00:00,2015-04-17 06:00:00,1800.000000
38,2015-08-30 06:00:00,2015-08-30 00:00:00,2015-07-01 06:00:00,1440.000000
38,2015-12-13 06:00:00,2015-12-13 00:00:00,2015-08-30 06:00:00,2520.000000
39,2015-07-30 06:00:00,2015-07-30 00:00:00,2015-04-01 06:00:00,2880.000000
39,2015-10-13 06:00:00,2015-10-13 00:00:00,2015-07-30 06:00:00,1800.000000
39,2015-12-27 06:00:00,2015-12-27 00:00:00,2015-10-13 06:00:00,1800.000000
40,2015-02-18 06:00:00,2015-02-18 00:00:00,2015-01-04 06:00:00,1080.000000
40,2015-04-04 06:00:00,2015-04-04 00:00:00,2015-02-18 06:00:00,1080.000000
40,2015-06-03 06:00:00,2015-06-03 00:00:00,2015-04-04 06:00:00,1440.000000
40,2015-06-18 06:00:00,2015-06-18 00:00:00,2015-06-03 06:00:00,360.000000
40,2015-07-03 06:00:00,2015-07-03 00:00:00,2015-06-18 06:00:00,360.000000
40,2015-08-17 06:00:00,2015-08-17 00:00:00,2015-07-03 06:00:00,1080.000000
40,2015-11-30 06:00:00,2015-11-30 00:00:00,2015-08-17 06:00:00,2520.000000
40,2015-12-15 06:00:00,2015-12-15 00:00:00,2015-11-30 06:00:00,360.000000
41,2015-05-02 06:00:00,2015-05-02 00:00:00,2015-02-01 06:00:00,2160.000000
41,2015-10-29 06:00:00,2015-10-29 00:00:00,2015-05-02 06:00:00,4320.000000
42,2015-04-06 06:00:00,2015-04-06 00:00:00,2015-01-21 06:00:00,1800.000000
42,2015-05-06 06:00:00,2015-05-06 00:00:00,2015-04-06 06:00:00,720.000000
42,2015-06-05 06:00:00,2015-06-05 00:00:00,2015-05-06 06:00:00,720.000000
42,2015-06-20 06:00:00,2015-06-20 00:00:00,2015-06-05 06:00:00,360.000000
42,2015-08-19 06:00:00,2015-08-19 00:00:00,2015-06-20 06:00:00,1440.000000
42,2015-09-18 06:00:00,2015-09-18 00:00:00,2015-08-19 06:00:00,720.000000
42,2015-11-17 06:00:00,2015-11-17 00:00:00,2015-09-18 06:00:00,1440.000000
42,2015-12-17 06:00:00,2015-12-17 00:00:00,2015-11-17 06:00:00,720.000000
43,2015-02-20 06:00:00,2015-02-20 00:00:00,2015-02-05 06:00:00,360.000000
43,2015-03-22 06:00:00,2015-03-22 00:00:00,2015-02-20 06:00:00,720.000000
43,2015-05-21 06:00:00,2015-05-21 00:00:00,2015-03-22 06:00:00,1440.000000
43,2015-06-05 06:00:00,2015-06-05 00:00:00,2015-05-21 06:00:00,360.000000
43,2015-07-20 06:00:00,2015-07-20 00:00:00,2015-06-05 06:00:00,1080.000000
43,2015-08-04 06:00:00,2015-08-04 00:00:00,2015-07-20 06:00:00,360.000000
43,2015-10-03 06:00:00,2015-10-03 00:00:00,2015-08-04 06:00:00,1440.000000
43,2015-11-02 06:00:00,2015-11-02 00:00:00,2015-10-03 06:00:00,720.000000
43,2015-11-17 06:00:00,2015-11-17 00:00:00,2015-11-02 06:00:00,360.000000
44,2015-06-14 06:00:00,2015-06-14 00:00:00,2015-03-16 06:00:00,2160.000000
44,2015-07-29 06:00:00,2015-07-29 00:00:00,2015-06-14 06:00:00,1080.000000
44,2015-08-28 06:00:00,2015-08-28 00:00:00,2015-07-29 06:00:00,720.000000
45,2015-01-22 06:00:00,2015-01-22 00:00:00,2015-01-02 03:00:00,483.000000
45,2015-02-21 06:00:00,2015-02-21 00:00:00,2015-01-22 06:00:00,720.000000
45,2015-05-22 06:00:00,2015-05-22 00:00:00,2015-02-21 06:00:00,2160.000000
45,2015-07-21 06:00:00,2015-07-21 00:00:00,2015-05-22 06:00:00,1440.000000
45,2015-10-19 06:00:00,2015-10-19 00:00:00,2015-07-21 06:00:00,2160.000000
45,2015-11-03 06:00:00,2015-11-03 00:00:00,2015-10-19 06:00:00,360.000000
46,2015-11-19 06:00:00,2015-11-19 00:00:00,2015-02-22 06:00:00,6480.000000
47,2015-03-25 06:00:00,2015-03-25 00:00:00,2015-01-24 06:00:00,1440.000000
47,2015-04-09 06:00:00,2015-04-09 00:00:00,2015-03-25 06:00:00,360.000000
47,2015-06-23 06:00:00,2015-06-23 00:00:00,2015-04-09 06:00:00,1800.000000
47,2015-07-08 06:00:00,2015-07-08 00:00:00,2015-06-23 06:00:00,360.000000
47,2015-08-07 06:00:00,2015-08-07 00:00:00,2015-07-08 06:00:00,720.000000
47,2015-09-21 06:00:00,2015-09-21 00:00:00,2015-08-07 06:00:00,1080.000000
47,2015-10-21 06:00:00,2015-10-21 00:00:00,2015-09-21 06:00:00,720.000000
47,2015-11-20 06:00:00,2015-11-20 00:00:00,2015-10-21 06:00:00,720.000000
47,2015-12-20 06:00:00,2015-12-20 00:00:00,2015-11-20 06:00:00,720.000000
48,2015-03-12 06:00:00,2015-03-12 00:00:00,2015-01-11 06:00:00,1440.000000
48,2015-05-11 06:00:00,2015-05-11 00:00:00,2015-03-12 06:00:00,1440.000000
48,2015-07-10 06:00:00,2015-07-10 00:00:00,2015-05-11 06:00:00,1440.000000
48,2015-07-25 06:00:00,2015-07-25 00:00:00,2015-07-10 06:00:00,360.000000
48,2015-09-08 06:00:00,2015-09-08 00:00:00,2015-07-25 06:00:00,1080.000000
48,2015-11-07 06:00:00,2015-11-07 00:00:00,2015-09-08 06:00:00,1440.000000
49,2015-03-16 06:00:00,2015-03-16 00:00:00,2015-03-01 06:00:00,360.000000
49,2015-04-15 06:00:00,2015-04-15 00:00:00,2015-03-16 06:00:00,720.000000
49,2015-05-15 06:00:00,2015-05-15 00:00:00,2015-04-15 06:00:00,720.000000
49,2015-07-14 06:00:00,2015-07-14 00:00:00,2015-05-15 06:00:00,1440.000000
49,2015-07-29 06:00:00,2015-07-29 00:00:00,2015-07-14 06:00:00,360.000000
49,2015-09-12 06:00:00,2015-09-12 00:00:00,2015-07-29 06:00:00,1080.000000
49,2015-10-12 06:00:00,2015-10-12 00:00:00,2015-09-12 06:00:00,720.000000
49,2015-11-11 06:00:00,2015-11-11 00:00:00,2015-10-12 06:00:00,720.000000
49,2015-11-26 06:00:00,2015-11-26 00:00:00,2015-11-11 06:00:00,360.000000
49,2015-12-26 06:00:00,2015-12-26 00:00:00,2015-11-26 06:00:00,720.000000
50,2015-04-30 06:00:00,2015-04-30 00:00:00,2015-01-30 06:00:00,2160.000000
50,2015-09-12 06:00:00,2015-09-12 00:00:00,2015-04-30 06:00:00,3240.000000
50,2015-10-12 06:00:00,2015-10-12 00:00:00,2015-09-12 06:00:00,720.000000
51,2015-03-02 06:00:00,2015-03-02 00:00:00,2015-01-02 03:00:00,1419.000000
51,2015-04-01 06:00:00,2015-04-01 00:00:00,2015-03-02 06:00:00,720.000000
51,2015-05-31 06:00:00,2015-05-31 00:00:00,2015-04-01 06:00:00,1440.000000
51,2015-06-30 06:00:00,2015-06-30 00:00:00,2015-05-31 06:00:00,720.000000
51,2015-07-15 06:00:00,2015-07-15 00:00:00,2015-06-30 06:00:00,360.000000
51,2015-09-13 06:00:00,2015-09-13 00:00:00,2015-07-15 06:00:00,1440.000000
51,2015-09-28 06:00:00,2015-09-28 00:00:00,2015-09-13 06:00:00,360.000000
51,2015-11-27 06:00:00,2015-11-27 00:00:00,2015-09-28 06:00:00,1440.000000
51,2015-12-12 06:00:00,2015-12-12 00:00:00,2015-11-27 06:00:00,360.000000
52,2015-07-18 06:00:00,2015-07-18 00:00:00,2015-01-19 06:00:00,4320.000000
52,2015-08-02 06:00:00,2015-08-02 00:00:00,2015-07-18 06:00:00,360.000000
52,2015-10-31 06:00:00,2015-10-31 00:00:00,2015-08-02 06:00:00,2160.000000
52,2015-12-30 06:00:00,2015-12-30 00:00:00,2015-10-31 06:00:00,1440.000000
53,2015-05-13 06:00:00,2015-05-13 00:00:00,2015-03-29 06:00:00,1080.000000
53,2015-07-12 06:00:00,2015-07-12 00:00:00,2015-05-13 06:00:00,1440.000000
53,2015-10-10 06:00:00,2015-10-10 00:00:00,2015-07-12 06:00:00,2160.000000
53,2015-11-09 06:00:00,2015-11-09 00:00:00,2015-10-10 06:00:00,720.000000
53,2015-12-09 06:00:00,2015-12-09 00:00:00,2015-11-09 06:00:00,720.000000
54,2015-03-31 06:00:00,2015-03-31 00:00:00,2015-01-15 06:00:00,1800.000000
54,2015-04-30 06:00:00,2015-04-30 00:00:00,2015-03-31 06:00:00,720.000000
54,2015-06-29 06:00:00,2015-06-29 00:00:00,2015-04-30 06:00:00,1440.000000
54,2015-12-26 06:00:00,2015-12-26 00:00:00,2015-06-29 06:00:00,4320.000000
55,2015-04-21 06:00:00,2015-04-21 00:00:00,2015-03-07 06:00:00,1080.000000
55,2015-06-05 06:00:00,2015-06-05 00:00:00,2015-04-21 06:00:00,1080.000000
55,2015-06-20 06:00:00,2015-06-20 00:00:00,2015-06-05 06:00:00,360.000000
55,2015-08-04 06:00:00,2015-08-04 00:00:00,2015-06-20 06:00:00,1080.000000
55,2015-08-19 06:00:00,2015-08-19 00:00:00,2015-08-04 06:00:00,360.000000
55,2015-09-03 06:00:00,2015-09-03 00:00:00,2015-08-19 06:00:00,360.000000
55,2015-12-02 06:00:00,2015-12-02 00:00:00,2015-09-03 06:00:00,2160.000000
56,2015-01-14 06:00:00,2015-01-14 00:00:00,2015-01-02 03:00:00,291.000000
56,2015-03-15 06:00:00,2015-03-15 00:00:00,2015-01-14 06:00:00,1440.000000
56,2015-04-14 06:00:00,2015-04-14 00:00:00,2015-03-15 06:00:00,720.000000
56,2015-04-29 06:00:00,2015-04-29 00:00:00,2015-04-14 06:00:00,360.000000
56,2015-06-13 06:00:00,2015-06-13 00:00:00,2015-04-29 06:00:00,1080.000000
56,2015-09-26 06:00:00,2015-09-26 00:00:00,2015-06-13 06:00:00,2520.000000
56,2015-11-10 06:00:00,2015-11-10 00:00:00,2015-09-26 06:00:00,1080.000000
56,2015-11-25 06:00:00,2015-11-25 00:00:00,2015-11-10 06:00:00,360.000000
56,2015-12-25 06:00:00,2015-12-25 00:00:00,2015-11-25 06:00:00,720.000000
57,2015-11-04 06:00:00,2015-11-04 00:00:00,2015-02-07 06:00:00,6480.000000
58,2015-01-31 06:00:00,2015-01-31 00:00:00,2015-01-02 03:00:00,699.000000
58,2015-05-01 06:00:00,2015-05-01 00:00:00,2015-01-31 06:00:00,2160.000000
58,2015-05-16 06:00:00,2015-05-16 00:00:00,2015-05-01 06:00:00,360.000000
58,2015-05-31 06:00:00,2015-05-31 00:00:00,2015-05-16 06:00:00,360.000000
58,2015-07-30 06:00:00,2015-07-30 00:00:00,2015-05-31 06:00:00,1440.000000
58,2015-09-28 06:00:00,2015-09-28 00:00:00,2015-07-30 06:00:00,1440.000000
58,2015-12-12 06:00:00,2015-12-12 00:00:00,2015-09-28 06:00:00,1800.000000
59,2015-02-04 06:00:00,2015-02-04 00:00:00,2015-01-02 03:00:00,795.000000
59,2015-04-05 06:00:00,2015-04-05 00:00:00,2015-02-04 06:00:00,1440.000000
59,2015-05-20 06:00:00,2015-05-20 00:00:00,2015-04-05 06:00:00,1080.000000
59,2015-07-19 06:00:00,2015-07-19 00:00:00,2015-05-20 06:00:00,1440.000000
59,2015-08-03 06:00:00,2015-08-03 00:00:00,2015-07-19 06:00:00,360.000000
59,2015-08-18 06:00:00,2015-08-18 00:00:00,2015-08-03 06:00:00,360.000000
59,2015-10-17 06:00:00,2015-10-17 00:00:00,2015-08-18 06:00:00,1440.000000
60,2015-04-15 06:00:00,2015-04-15 00:00:00,2015-01-30 06:00:00,1800.000000
60,2015-07-29 06:00:00,2015-07-29 00:00:00,2015-04-15 06:00:00,2520.000000
60,2015-09-12 06:00:00,2015-09-12 00:00:00,2015-07-29 06:00:00,1080.000000
61,2015-08-11 06:00:00,2015-08-11 00:00:00,2015-02-27 06:00:00,3960.000000
61,2015-10-25 06:00:00,2015-10-25 00:00:00,2015-08-11 06:00:00,1800.000000
61,2015-11-24 06:00:00,2015-11-24 00:00:00,2015-10-25 06:00:00,720.000000
62,2015-01-28 06:00:00,2015-01-28 00:00:00,2015-01-13 06:00:00,360.000000
62,2015-05-28 06:00:00,2015-05-28 00:00:00,2015-01-28 06:00:00,2880.000000
62,2015-06-27 06:00:00,2015-06-27 00:00:00,2015-05-28 06:00:00,720.000000
62,2015-08-11 06:00:00,2015-08-11 00:00:00,2015-06-27 06:00:00,1080.000000
62,2015-12-09 06:00:00,2015-12-09 00:00:00,2015-08-11 06:00:00,2880.000000
62,2015-12-24 06:00:00,2015-12-24 00:00:00,2015-12-09 06:00:00,360.000000
63,2015-03-14 06:00:00,2015-03-14 00:00:00,2015-01-28 06:00:00,1080.000000
63,2015-05-13 06:00:00,2015-05-13 00:00:00,2015-03-14 06:00:00,1440.000000
63,2015-05-28 06:00:00,2015-05-28 00:00:00,2015-05-13 06:00:00,360.000000
63,2015-07-27 06:00:00,2015-07-27 00:00:00,2015-05-28 06:00:00,1440.000000
63,2015-10-25 06:00:00,2015-10-25 00:00:00,2015-07-27 06:00:00,2160.000000
63,2015-11-09 06:00:00,2015-11-09 00:00:00,2015-10-25 06:00:00,360.000000
64,2015-01-20 06:00:00,2015-01-20 00:00:00,2015-01-05 06:00:00,360.000000
64,2015-02-19 06:00:00,2015-02-19 00:00:00,2015-01-20 06:00:00,720.000000
64,2015-04-05 06:00:00,2015-04-05 00:00:00,2015-02-19 06:00:00,1080.000000
64,2015-05-05 06:00:00,2015-05-05 00:00:00,2015-04-05 06:00:00,720.000000
64,2015-09-17 06:00:00,2015-09-17 00:00:00,2015-05-05 06:00:00,3240.000000
64,2015-10-17 06:00:00,2015-10-17 00:00:00,2015-09-17 06:00:00,720.000000
64,2015-12-31 06:00:00,2015-12-31 00:00:00,2015-10-17 06:00:00,1800.000000
65,2015-05-31 06:00:00,2015-05-31 00:00:00,2015-03-17 06:00:00,1800.000000
65,2015-06-30 06:00:00,2015-06-30 00:00:00,2015-05-31 06:00:00,720.000000
65,2015-08-14 06:00:00,2015-08-14 00:00:00,2015-06-30 06:00:00,1080.000000
65,2015-09-13 06:00:00,2015-09-13 00:00:00,2015-08-14 06:00:00,720.000000
66,2015-05-19 06:00:00,2015-05-19 00:00:00,2015-02-18 06:00:00,2160.000000
66,2015-10-01 06:00:00,2015-10-01 00:00:00,2015-05-19 06:00:00,3240.000000
66,2015-12-15 06:00:00,2015-12-15 00:00:00,2015-10-01 06:00:00,1800.000000
67,2015-03-17 06:00:00,2015-03-17 00:00:00,2015-01-16 06:00:00,1440.000000
67,2015-05-31 06:00:00,2015-05-31 00:00:00,2015-03-17 06:00:00,1800.000000
67,2015-06-15 06:00:00,2015-06-15 00:00:00,2015-05-31 06:00:00,360.000000
67,2015-07-15 06:00:00,2015-07-15 00:00:00,2015-06-15 06:00:00,720.000000
67,2015-08-29 06:00:00,2015-08-29 00:00:00,2015-07-15 06:00:00,1080.000000
67,2015-09-13 06:00:00,2015-09-13 00:00:00,2015-08-29 06:00:00,360.000000
67,2015-09-28 06:00:00,2015-09-28 00:00:00,2015-09-13 06:00:00,360.000000
67,2015-10-13 06:00:00,2015-10-13 00:00:00,2015-09-28 06:00:00,360.000000
68,2015-08-15 06:00:00,2015-08-15 00:00:00,2015-04-02 06:00:00,3240.000000
68,2015-11-28 06:00:00,2015-11-28 00:00:00,2015-08-15 06:00:00,2520.000000
68,2015-12-13 06:00:00,2015-12-13 00:00:00,2015-11-28 06:00:00,360.000000
69,2015-01-20 06:00:00,2015-01-20 00:00:00,2015-01-05 06:00:00,360.000000
69,2015-02-04 06:00:00,2015-02-04 00:00:00,2015-01-20 06:00:00,360.000000
69,2015-04-20 06:00:00,2015-04-20 00:00:00,2015-02-04 06:00:00,1800.000000
69,2015-05-20 06:00:00,2015-05-20 00:00:00,2015-04-20 06:00:00,720.000000
69,2015-08-03 06:00:00,2015-08-03 00:00:00,2015-05-20 06:00:00,1800.000000
69,2015-08-18 06:00:00,2015-08-18 00:00:00,2015-08-03 06:00:00,360.000000
69,2015-09-02 06:00:00,2015-09-02 00:00:00,2015-08-18 06:00:00,360.000000
69,2015-10-17 06:00:00,2015-10-17 00:00:00,2015-09-02 06:00:00,1080.000000
69,2015-11-01 06:00:00,2015-11-01 00:00:00,2015-10-17 06:00:00,360.000000
70,2015-05-28 06:00:00,2015-05-28 00:00:00,2015-01-28 06:00:00,2880.000000
70,2015-07-12 06:00:00,2015-07-12 00:00:00,2015-05-28 06:00:00,1080.000000
70,2015-11-09 06:00:00,2015-11-09 00:00:00,2015-07-12 06:00:00,2880.000000
70,2015-12-09 06:00:00,2015-12-09 00:00:00,2015-11-09 06:00:00,720.000000
71,2015-01-26 06:00:00,2015-01-26 00:00:00,2015-01-11 06:00:00,360.000000
71,2015-02-10 06:00:00,2015-02-10 00:00:00,2015-01-26 06:00:00,360.000000
71,2015-02-25 06:00:00,2015-02-25 00:00:00,2015-02-10 06:00:00,360.000000
71,2015-03-12 06:00:00,2015-03-12 00:00:00,2015-02-25 06:00:00,360.000000
71,2015-03-27 06:00:00,2015-03-27 00:00:00,2015-03-12 06:00:00,360.000000
71,2015-04-26 06:00:00,2015-04-26 00:00:00,2015-03-27 06:00:00,720.000000
71,2015-06-10 06:00:00,2015-06-10 00:00:00,2015-04-26 06:00:00,1080.000000
71,2015-06-25 06:00:00,2015-06-25 00:00:00,2015-06-10 06:00:00,360.000000
71,2015-07-25 06:00:00,2015-07-25 00:00:00,2015-06-25 06:00:00,720.000000
71,2015-09-23 06:00:00,2015-09-23 00:00:00,2015-07-25 06:00:00,1440.000000
71,2015-10-08 06:00:00,2015-10-08 00:00:00,2015-09-23 06:00:00,360.000000
72,2015-09-05 06:00:00,2015-09-05 00:00:00,2015-03-24 06:00:00,3960.000000
73,2015-01-02 06:00:00,2015-01-02 00:00:00,2015-01-02 03:00:00,3.000000
73,2015-02-16 06:00:00,2015-02-16 00:00:00,2015-01-02 06:00:00,1080.000000
73,2015-04-02 06:00:00,2015-04-02 00:00:00,2015-02-16 06:00:00,1080.000000
73,2015-04-17 06:00:00,2015-04-17 00:00:00,2015-04-02 06:00:00,360.000000
73,2015-05-02 06:00:00,2015-05-02 00:00:00,2015-04-17 06:00:00,360.000000
73,2015-05-17 06:00:00,2015-05-17 00:00:00,2015-05-02 06:00:00,360.000000
73,2015-07-16 06:00:00,2015-07-16 00:00:00,2015-05-17 06:00:00,1440.000000
73,2015-08-30 06:00:00,2015-08-30 00:00:00,2015-07-16 06:00:00,1080.000000
73,2015-09-14 06:00:00,2015-09-14 00:00:00,2015-08-30 06:00:00,360.000000
73,2015-11-13 06:00:00,2015-11-13 00:00:00,2015-09-14 06:00:00,1440.000000
73,2015-11-28 06:00:00,2015-11-28 00:00:00,2015-11-13 06:00:00,360.000000
74,2015-03-09 06:00:00,2015-03-09 00:00:00,2015-01-23 06:00:00,1080.000000
74,2015-05-08 06:00:00,2015-05-08 00:00:00,2015-03-09 06:00:00,1440.000000
74,2015-06-22 06:00:00,2015-06-22 00:00:00,2015-05-08 06:00:00,1080.000000
74,2015-07-22 06:00:00,2015-07-22 00:00:00,2015-06-22 06:00:00,720.000000
74,2015-10-20 06:00:00,2015-10-20 00:00:00,2015-07-22 06:00:00,2160.000000
75,2015-02-06 06:00:00,2015-02-06 00:00:00,2015-01-07 06:00:00,720.000000
75,2015-04-07 06:00:00,2015-04-07 00:00:00,2015-02-06 06:00:00,1440.000000
75,2015-05-07 06:00:00,2015-05-07 00:00:00,2015-04-07 06:00:00,720.000000
75,2015-06-06 06:00:00,2015-06-06 00:00:00,2015-05-07 06:00:00,720.000000
75,2015-07-21 06:00:00,2015-07-21 00:00:00,2015-06-06 06:00:00,1080.000000
75,2015-08-20 06:00:00,2015-08-20 00:00:00,2015-07-21 06:00:00,720.000000
75,2015-09-04 06:00:00,2015-09-04 00:00:00,2015-08-20 06:00:00,360.000000
75,2015-10-19 06:00:00,2015-10-19 00:00:00,2015-09-04 06:00:00,1080.000000
76,2015-02-02 06:00:00,2015-02-02 00:00:00,2015-01-18 06:00:00,360.000000
76,2015-03-04 06:00:00,2015-03-04 00:00:00,2015-02-02 06:00:00,720.000000
76,2015-03-19 06:00:00,2015-03-19 00:00:00,2015-03-04 06:00:00,360.000000
76,2015-04-03 06:00:00,2015-04-03 00:00:00,2015-03-19 06:00:00,360.000000
76,2015-05-03 06:00:00,2015-05-03 00:00:00,2015-04-03 06:00:00,720.000000
76,2015-08-16 06:00:00,2015-08-16 00:00:00,2015-05-03 06:00:00,2520.000000
76,2015-09-30 06:00:00,2015-09-30 00:00:00,2015-08-16 06:00:00,1080.000000
76,2015-11-29 06:00:00,2015-11-29 00:00:00,2015-09-30 06:00:00,1440.000000
78,2015-02-20 06:00:00,2015-02-20 00:00:00,2015-02-05 06:00:00,360.000000
78,2015-03-07 06:00:00,2015-03-07 00:00:00,2015-02-20 06:00:00,360.000000
78,2015-06-05 06:00:00,2015-06-05 00:00:00,2015-03-07 06:00:00,2160.000000
78,2015-07-05 06:00:00,2015-07-05 00:00:00,2015-06-05 06:00:00,720.000000
78,2015-07-20 06:00:00,2015-07-20 00:00:00,2015-07-05 06:00:00,360.000000
78,2015-09-03 06:00:00,2015-09-03 00:00:00,2015-07-20 06:00:00,1080.000000
78,2015-11-02 06:00:00,2015-11-02 00:00:00,2015-09-03 06:00:00,1440.000000
78,2015-12-17 06:00:00,2015-12-17 00:00:00,2015-11-02 06:00:00,1080.000000
79,2015-03-03 06:00:00,2015-03-03 00:00:00,2015-01-02 03:00:00,1443.000000
79,2015-03-18 06:00:00,2015-03-18 00:00:00,2015-03-03 06:00:00,360.000000
79,2015-04-02 06:00:00,2015-04-02 00:00:00,2015-03-18 06:00:00,360.000000
79,2015-05-17 06:00:00,2015-05-17 00:00:00,2015-04-02 06:00:00,1080.000000
79,2015-06-16 06:00:00,2015-06-16 00:00:00,2015-05-17 06:00:00,720.000000
79,2015-07-01 06:00:00,2015-07-01 00:00:00,2015-06-16 06:00:00,360.000000
79,2015-09-14 06:00:00,2015-09-14 00:00:00,2015-07-01 06:00:00,1800.000000
79,2015-09-29 06:00:00,2015-09-29 00:00:00,2015-09-14 06:00:00,360.000000
79,2015-12-13 06:00:00,2015-12-13 00:00:00,2015-09-29 06:00:00,1800.000000
80,2015-07-12 06:00:00,2015-07-12 00:00:00,2015-01-02 03:00:00,4587.000000
80,2015-09-10 06:00:00,2015-09-10 00:00:00,2015-07-12 06:00:00,1440.000000
80,2015-11-09 06:00:00,2015-11-09 00:00:00,2015-09-10 06:00:00,1440.000000
80,2015-12-09 06:00:00,2015-12-09 00:00:00,2015-11-09 06:00:00,720.000000
81,2015-01-17 06:00:00,2015-01-17 00:00:00,2015-01-02 06:00:00,360.000000
81,2015-02-16 06:00:00,2015-02-16 00:00:00,2015-01-17 06:00:00,720.000000
81,2015-03-03 06:00:00,2015-03-03 00:00:00,2015-02-16 06:00:00,360.000000
81,2015-04-17 06:00:00,2015-04-17 00:00:00,2015-03-03 06:00:00,1080.000000
81,2015-06-16 06:00:00,2015-06-16 00:00:00,2015-04-17 06:00:00,1440.000000
81,2015-10-14 06:00:00,2015-10-14 00:00:00,2015-06-16 06:00:00,2880.000000
81,2015-12-13 06:00:00,2015-12-13 00:00:00,2015-10-14 06:00:00,1440.000000
82,2015-03-29 06:00:00,2015-03-29 00:00:00,2015-01-28 06:00:00,1440.000000
82,2015-05-13 06:00:00,2015-05-13 00:00:00,2015-03-29 06:00:00,1080.000000
82,2015-12-09 06:00:00,2015-12-09 00:00:00,2015-05-13 06:00:00,5040.000000
83,2015-01-16 06:00:00,2015-01-16 00:00:00,2015-01-02 03:00:00,339.000000
83,2015-03-17 06:00:00,2015-03-17 00:00:00,2015-01-16 06:00:00,1440.000000
83,2015-05-16 06:00:00,2015-05-16 00:00:00,2015-03-17 06:00:00,1440.000000
83,2015-05-31 06:00:00,2015-05-31 00:00:00,2015-05-16 06:00:00,360.000000
83,2015-07-15 06:00:00,2015-07-15 00:00:00,2015-05-31 06:00:00,1080.000000
83,2015-08-14 06:00:00,2015-08-14 00:00:00,2015-07-15 06:00:00,720.000000
83,2015-08-29 06:00:00,2015-08-29 00:00:00,2015-08-14 06:00:00,360.000000
83,2015-09-13 06:00:00,2015-09-13 00:00:00,2015-08-29 06:00:00,360.000000
83,2015-10-13 06:00:00,2015-10-13 00:00:00,2015-09-13 06:00:00,720.000000
83,2015-11-27 06:00:00,2015-11-27 00:00:00,2015-10-13 06:00:00,1080.000000
83,2015-12-27 06:00:00,2015-12-27 00:00:00,2015-11-27 06:00:00,720.000000
84,2015-02-04 06:00:00,2015-02-04 00:00:00,2015-01-05 06:00:00,720.000000
84,2015-02-19 06:00:00,2015-02-19 00:00:00,2015-02-04 06:00:00,360.000000
84,2015-04-05 06:00:00,2015-04-05 00:00:00,2015-02-19 06:00:00,1080.000000
84,2015-07-04 06:00:00,2015-07-04 00:00:00,2015-04-05 06:00:00,2160.000000
84,2015-09-02 06:00:00,2015-09-02 00:00:00,2015-07-04 06:00:00,1440.000000
84,2015-10-02 06:00:00,2015-10-02 00:00:00,2015-09-02 06:00:00,720.000000
85,2015-01-30 06:00:00,2015-01-30 00:00:00,2015-01-15 06:00:00,360.000000
85,2015-02-14 06:00:00,2015-02-14 00:00:00,2015-01-30 06:00:00,360.000000
85,2015-05-30 06:00:00,2015-05-30 00:00:00,2015-02-14 06:00:00,2520.000000
85,2015-06-29 06:00:00,2015-06-29 00:00:00,2015-05-30 06:00:00,720.000000
85,2015-08-28 06:00:00,2015-08-28 00:00:00,2015-06-29 06:00:00,1440.000000
85,2015-09-12 06:00:00,2015-09-12 00:00:00,2015-08-28 06:00:00,360.000000
85,2015-10-12 06:00:00,2015-10-12 00:00:00,2015-09-12 06:00:00,720.000000
85,2015-11-11 06:00:00,2015-11-11 00:00:00,2015-10-12 06:00:00,720.000000
85,2015-12-11 06:00:00,2015-12-11 00:00:00,2015-11-11 06:00:00,720.000000
85,2015-12-26 06:00:00,2015-12-26 00:00:00,2015-12-11 06:00:00,360.000000
86,2015-01-23 06:00:00,2015-01-23 00:00:00,2015-01-02 03:00:00,507.000000
86,2015-09-05 06:00:00,2015-09-05 00:00:00,2015-01-23 06:00:00,5400.000000
86,2015-11-19 06:00:00,2015-11-19 00:00:00,2015-09-05 06:00:00,1800.000000
87,2015-03-13 06:00:00,2015-03-13 00:00:00,2015-01-02 03:00:00,1683.000000
87,2015-03-28 06:00:00,2015-03-28 00:00:00,2015-03-13 06:00:00,360.000000
87,2015-04-27 06:00:00,2015-04-27 00:00:00,2015-03-28 06:00:00,720.000000
87,2015-06-26 06:00:00,2015-06-26 00:00:00,2015-04-27 06:00:00,1440.000000
87,2015-08-10 06:00:00,2015-08-10 00:00:00,2015-06-26 06:00:00,1080.000000
87,2015-08-25 06:00:00,2015-08-25 00:00:00,2015-08-10 06:00:00,360.000000
87,2015-10-24 06:00:00,2015-10-24 00:00:00,2015-08-25 06:00:00,1440.000000
87,2015-12-23 06:00:00,2015-12-23 00:00:00,2015-10-24 06:00:00,1440.000000
88,2015-02-03 06:00:00,2015-02-03 00:00:00,2015-01-19 06:00:00,360.000000
88,2015-03-05 06:00:00,2015-03-05 00:00:00,2015-02-03 06:00:00,720.000000
88,2015-04-04 06:00:00,2015-04-04 00:00:00,2015-03-05 06:00:00,720.000000
88,2015-07-03 06:00:00,2015-07-03 00:00:00,2015-04-04 06:00:00,2160.000000
88,2015-09-01 06:00:00,2015-09-01 00:00:00,2015-07-03 06:00:00,1440.000000
88,2015-11-30 06:00:00,2015-11-30 00:00:00,2015-09-01 06:00:00,2160.000000
88,2015-12-30 06:00:00,2015-12-30 00:00:00,2015-11-30 06:00:00,720.000000
89,2015-03-24 06:00:00,2015-03-24 00:00:00,2015-02-07 06:00:00,1080.000000
89,2015-05-23 06:00:00,2015-05-23 00:00:00,2015-03-24 06:00:00,1440.000000
89,2015-06-22 06:00:00,2015-06-22 00:00:00,2015-05-23 06:00:00,720.000000
89,2015-07-22 06:00:00,2015-07-22 00:00:00,2015-06-22 06:00:00,720.000000
89,2015-08-21 06:00:00,2015-08-21 00:00:00,2015-07-22 06:00:00,720.000000
89,2015-11-19 06:00:00,2015-11-19 00:00:00,2015-08-21 06:00:00,2160.000000
90,2015-02-19 06:00:00,2015-02-19 00:00:00,2015-01-20 06:00:00,720.000000
90,2015-03-21 06:00:00,2015-03-21 00:00:00,2015-02-19 06:00:00,720.000000
90,2015-04-05 06:00:00,2015-04-05 00:00:00,2015-03-21 06:00:00,360.000000
90,2015-05-20 06:00:00,2015-05-20 00:00:00,2015-04-05 06:00:00,1080.000000
90,2015-06-04 06:00:00,2015-06-04 00:00:00,2015-05-20 06:00:00,360.000000
90,2015-08-18 06:00:00,2015-08-18 00:00:00,2015-06-04 06:00:00,1800.000000
90,2015-10-02 06:00:00,2015-10-02 00:00:00,2015-08-18 06:00:00,1080.000000
90,2015-11-01 06:00:00,2015-11-01 00:00:00,2015-10-02 06:00:00,720.000000
90,2015-12-01 06:00:00,2015-12-01 00:00:00,2015-11-01 06:00:00,720.000000
90,2015-12-31 06:00:00,2015-12-31 00:00:00,2015-12-01 06:00:00,720.000000
91,2015-04-02 06:00:00,2015-04-02 00:00:00,2015-02-01 06:00:00,1440.000000
91,2015-06-16 06:00:00,2015-06-16 00:00:00,2015-04-02 06:00:00,1800.000000
91,2015-07-01 06:00:00,2015-07-01 00:00:00,2015-06-16 06:00:00,360.000000
91,2015-09-14 06:00:00,2015-09-14 00:00:00,2015-07-01 06:00:00,1800.000000
91,2015-10-29 06:00:00,2015-10-29 00:00:00,2015-09-14 06:00:00,1080.000000
92,2015-04-20 06:00:00,2015-04-20 00:00:00,2015-02-19 06:00:00,1440.000000
92,2015-05-20 06:00:00,2015-05-20 00:00:00,2015-04-20 06:00:00,720.000000
92,2015-07-04 06:00:00,2015-07-04 00:00:00,2015-05-20 06:00:00,1080.000000
92,2015-08-18 06:00:00,2015-08-18 00:00:00,2015-07-04 06:00:00,1080.000000
92,2015-09-02 06:00:00,2015-09-02 00:00:00,2015-08-18 06:00:00,360.000000
92,2015-10-02 06:00:00,2015-10-02 00:00:00,2015-09-02 06:00:00,720.000000
92,2015-12-01 06:00:00,2015-12-01 00:00:00,2015-10-02 06:00:00,1440.000000
93,2015-04-01 06:00:00,2015-04-01 00:00:00,2015-03-17 06:00:00,360.000000
93,2015-04-16 06:00:00,2015-04-16 00:00:00,2015-04-01 06:00:00,360.000000
93,2015-05-01 06:00:00,2015-05-01 00:00:00,2015-04-16 06:00:00,360.000000
93,2015-05-16 06:00:00,2015-05-16 00:00:00,2015-05-01 06:00:00,360.000000
93,2015-06-30 06:00:00,2015-06-30 00:00:00,2015-05-16 06:00:00,1080.000000
94,2015-01-08 06:00:00,2015-01-08 00:00:00,2015-01-02 03:00:00,147.000000
94,2015-02-22 06:00:00,2015-02-22 00:00:00,2015-01-08 06:00:00,1080.000000
94,2015-03-09 06:00:00,2015-03-09 00:00:00,2015-02-22 06:00:00,360.000000
94,2015-05-08 06:00:00,2015-05-08 00:00:00,2015-03-09 06:00:00,1440.000000
94,2015-05-23 06:00:00,2015-05-23 00:00:00,2015-05-08 06:00:00,360.000000
94,2015-08-21 06:00:00,2015-08-21 00:00:00,2015-05-23 06:00:00,2160.000000
94,2015-10-20 06:00:00,2015-10-20 00:00:00,2015-08-21 06:00:00,1440.000000
94,2015-11-19 06:00:00,2015-11-19 00:00:00,2015-10-20 06:00:00,720.000000
94,2015-12-19 06:00:00,2015-12-19 00:00:00,2015-11-19 06:00:00,720.000000
95,2015-03-21 06:00:00,2015-03-21 00:00:00,2015-02-19 06:00:00,720.000000
95,2015-04-20 06:00:00,2015-04-20 00:00:00,2015-03-21 06:00:00,720.000000
95,2015-05-05 06:00:00,2015-05-05 00:00:00,2015-04-20 06:00:00,360.000000
95,2015-06-04 06:00:00,2015-06-04 00:00:00,2015-05-05 06:00:00,720.000000
95,2015-08-18 06:00:00,2015-08-18 00:00:00,2015-06-04 06:00:00,1800.000000
95,2015-09-17 06:00:00,2015-09-17 00:00:00,2015-08-18 06:00:00,720.000000
95,2015-10-17 06:00:00,2015-10-17 00:00:00,2015-09-17 06:00:00,720.000000
95,2015-12-31 06:00:00,2015-12-31 00:00:00,2015-10-17 06:00:00,1800.000000
96,2015-05-03 06:00:00,2015-05-03 00:00:00,2015-02-17 06:00:00,1800.000000
96,2015-07-17 06:00:00,2015-07-17 00:00:00,2015-05-03 06:00:00,1800.000000
96,2015-08-31 06:00:00,2015-08-31 00:00:00,2015-07-17 06:00:00,1080.000000
96,2015-12-29 06:00:00,2015-12-29 00:00:00,2015-08-31 06:00:00,2880.000000
97,2015-05-09 06:00:00,2015-05-09 00:00:00,2015-01-24 06:00:00,2520.000000
97,2015-07-08 06:00:00,2015-07-08 00:00:00,2015-05-09 06:00:00,1440.000000
97,2015-07-23 06:00:00,2015-07-23 00:00:00,2015-07-08 06:00:00,360.000000
97,2015-09-06 06:00:00,2015-09-06 00:00:00,2015-07-23 06:00:00,1080.000000
97,2015-10-21 06:00:00,2015-10-21 00:00:00,2015-09-06 06:00:00,1080.000000
97,2015-11-20 06:00:00,2015-11-20 00:00:00,2015-10-21 06:00:00,720.000000
98,2015-02-14 06:00:00,2015-02-14 00:00:00,2015-01-30 06:00:00,360.000000
98,2015-03-01 06:00:00,2015-03-01 00:00:00,2015-02-14 06:00:00,360.000000
98,2015-04-15 06:00:00,2015-04-15 00:00:00,2015-03-01 06:00:00,1080.000000
98,2015-04-30 06:00:00,2015-04-30 00:00:00,2015-04-15 06:00:00,360.000000
98,2015-05-15 06:00:00,2015-05-15 00:00:00,2015-04-30 06:00:00,360.000000
98,2015-05-30 06:00:00,2015-05-30 00:00:00,2015-05-15 06:00:00,360.000000
98,2015-06-14 06:00:00,2015-06-14 00:00:00,2015-05-30 06:00:00,360.000000
98,2015-06-29 06:00:00,2015-06-29 00:00:00,2015-06-14 06:00:00,360.000000
98,2015-07-29 06:00:00,2015-07-29 00:00:00,2015-06-29 06:00:00,720.000000
98,2015-08-13 06:00:00,2015-08-13 00:00:00,2015-07-29 06:00:00,360.000000
98,2015-08-28 06:00:00,2015-08-28 00:00:00,2015-08-13 06:00:00,360.000000
98,2015-10-27 06:00:00,2015-10-27 00:00:00,2015-08-28 06:00:00,1440.000000
98,2015-11-26 06:00:00,2015-11-26 00:00:00,2015-10-27 06:00:00,720.000000
99,2015-01-18 06:00:00,2015-01-18 00:00:00,2015-01-02 03:00:00,387.000000
99,2015-02-02 06:00:00,2015-02-02 00:00:00,2015-01-18 06:00:00,360.000000
99,2015-02-17 06:00:00,2015-02-17 00:00:00,2015-02-02 06:00:00,360.000000
99,2015-03-04 06:00:00,2015-03-04 00:00:00,2015-02-17 06:00:00,360.000000
99,2015-03-19 06:00:00,2015-03-19 00:00:00,2015-03-04 06:00:00,360.000000
99,2015-04-03 06:00:00,2015-04-03 00:00:00,2015-03-19 06:00:00,360.000000
99,2015-04-18 06:00:00,2015-04-18 00:00:00,2015-04-03 06:00:00,360.000000
99,2015-05-03 06:00:00,2015-05-03 00:00:00,2015-04-18 06:00:00,360.000000
99,2015-05-18 06:00:00,2015-05-18 00:00:00,2015-05-03 06:00:00,360.000000
99,2015-06-02 06:00:00,2015-06-02 00:00:00,2015-05-18 06:00:00,360.000000
99,2015-07-02 06:00:00,2015-07-02 00:00:00,2015-06-02 06:00:00,720.000000
99,2015-07-17 06:00:00,2015-07-17 00:00:00,2015-07-02 06:00:00,360.000000
99,2015-08-01 06:00:00,2015-08-01 00:00:00,2015-07-17 06:00:00,360.000000
99,2015-08-31 06:00:00,2015-08-31 00:00:00,2015-08-01 06:00:00,720.000000
99,2015-10-15 06:00:00,2015-10-15 00:00:00,2015-08-31 06:00:00,1080.000000
99,2015-10-30 06:00:00,2015-10-30 00:00:00,2015-10-15 06:00:00,360.000000
99,2015-11-29 06:00:00,2015-11-29 00:00:00,2015-10-30 06:00:00,720.000000
99,2015-12-14 06:00:00,2015-12-14 00:00:00,2015-11-29 06:00:00,360.000000
100,2015-09-10 06:00:00,2015-09-10 00:00:00,2015-02-12 06:00:00,5040.000000
100,2015-12-09 06:00:00,2015-12-09 00:00:00,2015-09-10 06:00:00,2160.000000
