Machine ID,Model,Age Years,Machine,Age Band
1,model3,18,Machine 001,16+ years
2,model4,7,Machine 002,06-10 years
3,model3,8,Machine 003,06-10 years
4,model3,7,Machine 004,06-10 years
5,model3,2,Machine 005,00-05 years
6,model3,7,Machine 006,06-10 years
7,model3,20,Machine 007,16+ years
8,model3,16,Machine 008,16+ years
9,model4,7,Machine 009,06-10 years
10,model3,10,Machine 010,06-10 years
11,model2,6,Machine 011,06-10 years
12,model3,9,Machine 012,06-10 years
13,model1,15,Machine 013,11-15 years
14,model3,1,Machine 014,00-05 years
15,model3,14,Machine 015,11-15 years
16,model1,3,Machine 016,00-05 years
17,model1,14,Machine 017,11-15 years
18,model3,15,Machine 018,11-15 years
19,model3,17,Machine 019,16+ years
20,model2,16,Machine 020,16+ years
21,model2,14,Machine 021,11-15 years
22,model1,14,Machine 022,11-15 years
23,model1,17,Machine 023,16+ years
24,model1,20,Machine 024,16+ years
25,model4,16,Machine 025,16+ years
26,model3,3,Machine 026,00-05 years
27,model3,9,Machine 027,06-10 years
28,model4,1,Machine 028,00-05 years
29,model4,3,Machine 029,00-05 years
30,model3,20,Machine 030,16+ years
31,model1,11,Machine 031,11-15 years
32,model4,15,Machine 032,11-15 years
33,model3,14,Machine 033,11-15 years
34,model4,10,Machine 034,06-10 years
35,model1,17,Machine 035,16+ years
36,model4,5,Machine 036,00-05 years
37,model1,16,Machine 037,16+ years
38,model4,15,Machine 038,11-15 years
39,model4,0,Machine 039,00-05 years
40,model2,4,Machine 040,00-05 years
41,model4,9,Machine 041,06-10 years
42,model1,7,Machine 042,06-10 years
43,model3,14,Machine 043,11-15 years
44,model4,7,Machine 044,06-10 years
45,model3,14,Machine 045,11-15 years
46,model4,10,Machine 046,06-10 years
47,model2,6,Machine 047,06-10 years
48,model4,10,Machine 048,06-10 years
49,model1,15,Machine 049,11-15 years
50,model4,4,Machine 050,00-05 years
51,model4,19,Machine 051,16+ years
52,model3,14,Machine 052,11-15 years
53,model3,5,Machine 053,00-05 years
54,model2,10,Machine 054,06-10 years
55,model3,17,Machine 055,16+ years
56,model1,10,Machine 056,06-10 years
57,model4,10,Machine 057,06-10 years
58,model1,5,Machine 058,00-05 years
59,model3,17,Machine 059,16+ years
60,model4,3,Machine 060,00-05 years
61,model4,2,Machine 061,00-05 years
62,model4,20,Machine 062,16+ years
63,model4,14,Machine 063,11-15 years
64,model3,20,Machine 064,16+ years
65,model3,15,Machine 065,11-15 years
66,model4,6,Machine 066,06-10 years
67,model4,14,Machine 067,11-15 years
68,model3,10,Machine 068,06-10 years
69,model2,19,Machine 069,16+ years
70,model3,9,Machine 070,06-10 years
71,model2,18,Machine 071,16+ years
72,model4,2,Machine 072,00-05 years
73,model2,20,Machine 073,16+ years
74,model4,4,Machine 074,00-05 years
75,model3,19,Machine 075,16+ years
76,model2,10,Machine 076,06-10 years
77,model4,12,Machine 077,11-15 years
78,model4,19,Machine 078,16+ years
79,model3,14,Machine 079,11-15 years
80,model3,6,Machine 080,06-10 years
81,model4,1,Machine 081,00-05 years
82,model3,11,Machine 082,11-15 years
83,model4,18,Machine 083,16+ years
84,model3,9,Machine 084,06-10 years
85,model1,16,Machine 085,16+ years
86,model3,2,Machine 086,00-05 years
87,model2,12,Machine 087,11-15 years
88,model4,14,Machine 088,11-15 years
89,model3,17,Machine 089,16+ years
90,model2,2,Machine 090,00-05 years
91,model4,17,Machine 091,16+ years
92,model1,2,Machine 092,00-05 years
93,model3,18,Machine 093,16+ years
94,model2,18,Machine 094,16+ years
95,model2,18,Machine 095,16+ years
96,model2,10,Machine 096,06-10 years
97,model2,14,Machine 097,11-15 years
98,model2,20,Machine 098,16+ years
99,model1,14,Machine 099,11-15 years
100,model4,5,Machine 100,00-05 years
